{"cameraMode":{"drawMode":0,"name":"Shaded","section":"Shading Mode"},"sceneLighting":true,"audioPlay":false,"sceneViewState":{"showFog":false,"showMaterialUpdate":false,"showSkybox":false,"showFlares":false,"showImageEffects":false,"showParticleSystems":false},"in2DMode":false,"pivot":{"x":3.5551085472106935,"y":3.6574668884277345,"z":1.4491302967071534},"rotation":{"x":-0.20048603415489198,"y":0.7789046764373779,"z":-0.30687597393989565,"w":-0.5088666081428528},"size":1.207395076751709,"orthographic":false}