{"cameraMode":{"drawMode":0,"name":"Shaded","section":"Shading Mode"},"sceneLighting":false,"audioPlay":false,"sceneViewState":{"showFog":false,"showMaterialUpdate":false,"showSkybox":false,"showFlares":false,"showImageEffects":false,"showParticleSystems":false},"in2DMode":false,"pivot":{"x":166.6537628173828,"y":-2.5085530281066896,"z":119.35523986816406},"rotation":{"x":0.1280188411474228,"y":0.021689139306545259,"z":-0.002808523830026388,"w":0.9915692210197449},"size":30.37544059753418,"orthographic":false}