{"cameraMode":{"drawMode":0,"name":"Shaded","section":"Shading Mode"},"sceneLighting":true,"audioPlay":false,"sceneViewState":{"showFog":false,"showMaterialUpdate":false,"showSkybox":false,"showFlares":false,"showImageEffects":false,"showParticleSystems":false},"in2DMode":false,"pivot":{"x":180.051025390625,"y":5.057690620422363,"z":54.01685333251953},"rotation":{"x":0.017440123483538629,"y":-0.8672061562538147,"z":-0.030455369502305986,"w":-0.496763676404953},"size":14.58063793182373,"orthographic":false}